Run_5-4-2026_1,,,,,,,,,,,,,,,,,,,,,,,,,,
,,,,,,,,,,,,,,,,,,,,,,,,,,
-- Center find UTS DATA --,,,,,,,,,,,,,,,,,,,,,,,,,,
point id,,c1,c2,c3,c4,c5,c6,c7,c8,c9,,,,,,,,,,,,,,,,
UTS-J,East,36,33.76,32.647,33.077,36.7,37.244,39.023,39.368,38.174,,,,,,,,,,,,,,,,
UTS-J,North,-2.989,-2.133,-0.12,2.188,3.677,3.628,2.093,-0.29,-2.23,,,,,,,,,,,,,,,,
UTS-J,Elevation,10.65,10.671,10.692,10.702,10.697,10.681,10.658,10.641,10.638,,,,,,,,,,,,,,,,
-- Center find Machine DATA --,,,,,,,,,,,,,,,,,,,,,,,,,,
Point J Prime,X,-3322.09,-2007.34,202.167,2344.96,3394.97,2847.24,962.992,-1427.05,-3064.62,,,,,,,,,,,,,,,,
Point J Prime,Y,4524.16,4523.52,4523.52,4524.12,4523.16,4523.52,4523.23,4523.2,4525.12,,,,,,,,,,,,,,,,
Point J Prime,Z,-795.071,-2763.87,-3408.62,-2482.73,-370.368,1887.44,3277.6,3103.37,1507.45,,,,,,,,,,,,,,,,
----------,----------,----------,----------,----------,----------,----------,----------,----------,----------,----------,,,,,,,,,,,,,,,,
-- Test Run UTS DATA --,,,,,,,,,,,,,,,,,,,,,,,,,,
point id,,w1,w2,w3,w4,w5,w6,w7,w8,w9,w10,w11,w12,w13,w14,w15,w16,w17,w18,w19,w20,w21,w22,w23,w24,w25
UTS-J,East,35.357,35.678,35.46,35.532,35.414,35.928,35.944,35.942,35.93,35.939,36.361,36.345,36.324,36.225,36.46,36.669,37.275,37.162,37.28,37.32,36.845,38.077,37.793,38.1,38.525
UTS-J,North,4.368,2.806,3.9,3.57,4.112,4.16,3.32,2.862,3.665,3.736,3.74,3.65,3.561,2.97,4.26,2.436,3.331,3.151,3.321,3.389,2.111,3.063,2.864,3.118,3.451
UTS-J,Elevation,7.49,6.57,7.903,8.59,7.978,7.971,8.677,6.572,6.596,6.679,6.819,7.185,7.486,6.512,8.092,6.748,7.022,7.962,7.639,8.047,6.812,6.798,7.8135,7.422,8.423
-- Test Run Machine DATA --,,,,,,,,,,,,,,,,,,,,,,,,,,
Bench Point 1,X,4113.04,4113.04,4113.04,4113.04,4113.04,4113.04,4113.04,4113.04,4113.04,4113.04,4113.04,4113.04,4113.04,4113.04,4113.04,4113.04,4113.04,4113.04,4113.04,4113.04,4113.04,4113.04,4113.04,4113.04,4113.04
Bench Point 1,Y,692.224,692.224,692.224,692.224,692.224,692.224,692.224,692.224,692.224,692.224,692.224,692.224,692.224,692.224,692.224,692.224,692.224,692.224,692.224,692.224,692.224,692.224,692.224,692.224,692.224
Bench Point 1,Z,221.932,221.932,221.932,221.932,221.932,221.932,221.932,221.932,221.932,221.932,221.932,221.932,221.932,221.932,221.932,221.932,221.932,221.932,221.932,221.932,221.932,221.932,221.932,221.932,221.932
Boom Vertex 1,X,1043.8,1652.47,672.95,673.304,672.95,676.791,680.028,1627.56,1451.91,1372.27,1263.98,1085.55,1087.24,1604.83,688.087,1474.9,1149.71,1033.87,909.246,745.19,1318.97,1086.09,1003.83,933.499,811.751
Boom Vertex 1,Y,2770.54,2645.73,2718.66,2718.77,2718.66,2718.66,2719.55,2651.63,2714.9,2735.47,2753.01,2770.19,2770.12,2647.09,2718.66,2620.99,2758.85,2770.47,2762.41,2718.66,2546.82,2750.45,2769.66,2766.6,2718.19
Boom Vertex 1,Z,220.039,220.375,220.476,220.475,220.442,176.806,177.352,349.746,316.189,301.706,346.625,281.25,281.847,471.387,135.903,777.154,451.246,335.231,209.184,46.3545,1049.22,565.398,395.148,249.238,-3.25208
Boom Vertex 2,X,1212.65,1918.61,767.466,767.935,767.466,769.826,773.759,1888.04,1687.28,1595.19,1462.65,1253.23,1255.23,1854.65,776.898,1668.13,1294.27,1157.89,1009.89,811.698,1444.76,1178.98,1082.9,999.29,852.337
Boom Vertex 2,Y,3042.85,2823.73,3024.86,3024.94,3024.86,3024.86,3025.53,2832.32,2928.12,2962.01,2993.57,3036.32,3036,2825.72,3024.9,2788.21,3005.38,3038.37,3049.49,3024.78,2684.74,2988.8,3033.66,3049.01,3024.5
Boom Vertex 2,Z,219.924,220.375,220.437,220.437,220.416,193.471,194.156,394.587,358.53,341.781,419.394,342.645,343.332,562.859,168.392,970.713,596.179,459.737,310.927,113.244,1309.82,758.344,558.755,385.636,81.491
Fence Wall Forward,X,4094.35,4094.13,4094.13,4094.13,4094.13,4094.06,4093.99,4094.13,4093.99,4094.06,4093.99,4093.99,4093.99,4093.99,4093.99,4093.99,4093.99,4093.85,4093.77,4093.85,4093.99,4093.77,4093.77,4093.77,4093.85
Fence Wall Forward,Y,1896.82,1896.82,1896.82,1896.82,1896.82,1896.82,1896.82,1896.82,1896.82,1896.82,1896.82,1896.82,1896.82,1896.82,1896.82,1896.82,1896.82,1896.82,1896.82,1896.82,1896.82,1896.82,1896.82,1896.82,1896.82
Fence Wall Forward,Z,524.502,524.509,524.509,524.509,524.509,525.63,525.071,525.071,525.067,525.067,525.625,525.625,525.625,525.625,525.632,526.735,526.738,526.738,527.3,526.742,527.3,527.3,527.3,528.414,527.304
Pin 1,X,1060.09,1060.03,1060.03,1060.03,1060.03,1057.77,1057.8,1057.79,1057.79,1057.82,1051.44,1051.44,1051.44,1051.43,1051.46,1018.77,1018.77,1018.8,1018.86,1018.9,980.715,980.732,980.668,980.702,980.719
Pin 1,Y,1303,1303,1303,1303,1303,1303,1303,1303,1303,1303,1303,1303,1303,1303,1303,1303,1303,1303,1303,1303,1303,1303,1303,1303,1303
Pin 1,Z,220.028,220.374,220.317,220.317,220.336,245.205,245.224,245.281,245.281,245.406,268.777,269.046,268.741,268.759,268.705,320.006,319.728,319.993,320.078,319.62,347.116,346.974,347.108,347.099,347.083
Pin 10,X,3434.76,3393.44,3442.33,3909.13,3324.46,3286.08,3919.46,3356.46,3806.45,3678.39,3517.57,3579.34,3797.05,3337.69,3101.29,2626.61,3056.41,3159.22,2982.36,2862.45,1930.95,2187.35,2365.81,2130.08,1976.05
Pin 10,Y,2435.93,1100.18,2976.95,3198.68,3007.82,3005.49,3265.85,1127.16,1476.54,1676.25,1844,2126.04,2097.03,1084.72,3030.33,925.272,1856.01,2111.32,2523.45,3036.22,652.685,1873.31,2177.27,2525.72,3210.9
Pin 10,Z,219.346,220.375,219.343,219.687,219.718,644.593,759.203,658.671,739.607,716.165,1172.05,1194.47,1273.7,1105.59,1018.51,1931.3,2363.8,2465.01,2285.98,2165.77,2318.3,2851.23,3220.99,2730.18,2409.61
Pin 12,X,920.09,920.03,920,920.03,920.03,920.03,916,920,919.97,920,919.97,919.97,919.97,919.97,919.97,919.91,919.91,919.88,919.88,919.91,919.88,919.88,919.91,919.88,919.88
Pin 12,Y,1073.5,1073.5,1073.5,1073.5,1073.5,1073.5,1073.5,1073.5,1073.5,1073.5,1073.5,1073.5,1073.5,1073.5,1073.5,1073.5,1073.5,1073.5,1073.5,1073.5,1073.5,1073.5,1073.5,1073.5,1073.5
Pin 12,Z,220.124,220.375,220.375,220.375,220.5,220.5,220.5,220.375,220.5,220.5,220.625,220.625,220.625,220.625,220.625,220.876,220.876,221.002,221.002,220.625,220.876,221.002,221.002,221.002,221.253
Pin 14,X,1068.43,1068.53,1068.41,1068.41,1068.5,1118.14,1118.21,1118.29,1118.32,1118.32,1160.73,1160.73,1160.73,1160.77,1160.61,1233.46,1233.42,1233.39,1233.36,1233.29,1249.85,1249.82,1249.82,1249.82,1249.82
Pin 14,Y,768.5,768.5,768.5,768.5,768.5,768.5,768.5,768.5,768.5,768.5,768.5,768.5,768.5,768.5,768.5,768.5,768.5,768.5,768.5,768.5,768.5,768.5,768.5,768.5,768.5
Pin 14,Z,-74.3741,-74.313,-74.3737,-74.2272,-74.3535,-43.2041,-43.4828,-43.097,-43.4017,-43.1239,-5.00824,-5.04105,-5.07393,-5.04109,-4.82301,117.598,118.103,118.059,117.72,117.759,226.82,226.776,226.775,226.605,226.984
Pin 15,X,-100.225,-100.075,-100.075,-100,-100.075,-100,-99.925,-100.075,-99.925,-100.075,-99.925,-99.925,-99.925,-99.925,-99.925,-99.925,-99.775,-99.7,-99.775,-99.7,-99.775,-99.7,-99.7,-99.55,-99.7
Pin 15,Y,768.5,768.5,768.5,768.5,768.5,768.5,768.5,768.5,768.5,768.5,768.5,768.5,768.5,768.5,768.5,768.5,768.5,768.5,768.5,768.5,768.5,768.5,768.5,768.5,768.5
Pin 15,Z,-549.959,-549.986,-549.986,-549.986,-550,-550,-550,-550.014,-549.986,-550,-550.014,-550.014,-550.014,-550.014,-550.014,-550.041,-550.041,-550.041,-550.041,-550.041,-550.041,-550.055,-550.055,-550.041,-550.041
Pin 2,X,1270.09,1270.03,1270.03,1270.03,1270,1264.55,1264.49,1264.47,1264.41,1264.47,1248.63,1248.63,1248.63,1248.62,1248.7,1167.06,1167.06,1167.06,1167.24,1167.4,1071.86,1071.89,1071.91,1071.9,1071.98
Pin 2,Y,963,963,963,963,963,963,963,963,963,963,963,963,963,963,963,963,963,963,963,963,963,963,963,963,963
Pin 2,Z,219.231,220.375,220.231,220.405,220.279,282.436,282.138,282.624,282.279,282.577,341.005,340.96,340.915,340.96,341.166,468.383,468.86,468.826,468.532,468.59,536.288,536.267,536.267,536.121,536.497
Pin 3,X,1628.43,2164.73,1250.83,1251.03,1250.62,1245.41,1248.86,2135.03,1990.39,1921.73,1798.04,1632.59,1634.07,2086.42,1230.66,1828.54,1554.2,1445.71,1323.81,1153.67,1521.62,1332.11,1256.53,1188.29,1062.73
Pin 3,Y,2722.9,2360.27,2820.5,2820.47,2820.5,2820.5,2820.05,2371.64,2503.4,2555.43,2609.19,2701.8,2700.68,2362.96,2820.47,2315.44,2631.33,2707.82,2770.31,2820.49,2190.92,2600.67,2694.43,2755.86,2820.76
Pin 3,Z,220.085,220.67,220.239,220.41,220.455,278.838,279.674,439.021,413.274,400.488,542.238,481.541,482.165,647.824,334.302,1131.69,856.73,748.197,625.4,455.006,1468.89,1076.24,919.139,777.318,516.861
Pin 4,X,1442.72,2202.76,944.495,944.998,944.495,944.082,948.54,2166.67,1954.6,1856.2,1703.57,1475.14,1477.33,2120.98,943.198,1870.2,1472.57,1323.73,1159.71,937.177,1570.81,1291.28,1186.15,1094.1,929.469
Pin 4,Y,3222.67,2892.08,3257.02,3257.03,3257.02,3257.02,3257.28,2903.69,3035.32,3084.53,3132.81,3207.71,3207.04,2895.2,3257.03,2845.33,3151.88,3212.29,3250.23,3256.98,2711.82,3125.21,3202.42,3242.95,3256.86
Pin 4,Z,220.161,220.375,220.365,220.364,220.497,224.817,225.491,445.073,406.556,388.699,507.633,423.891,424.618,660.379,229.21,1173.44,774.792,625.63,460.432,238.497,1571.07,990.822,773.394,582.199,240.635
Pin 5,X,2898.97,4019.99,2044.11,1909.18,2059.85,2042.46,1879.04,3952.75,3595.57,3486.5,3218.21,2851.83,2797.05,3810.09,1997.04,3159.96,2550.62,2279.94,2055.7,1674.84,2368.36,1977.58,1768.09,1674.94,1389.4
Pin 5,Y,4245.96,3158.98,4610.16,4565.02,4612.54,4612.63,4551.68,3188.5,3613.4,3745.34,3898.32,4183.76,4188.3,3185.4,4613.3,3039.18,3981.75,4209.81,4408.45,4597.6,2716.01,3887.51,4167.21,4360.51,4603.88
Pin 5,Z,218.775,219.278,219.915,220.23,220.064,421.593,392.825,765.461,702.184,681.708,1062.16,927.842,907.901,1278.83,614.632,2466.77,1856.08,1584.38,1357.91,975.488,3224.13,2415.65,1979.42,1786.41,1194.5
Pin 6,X,2805.88,3686.37,2114.65,2115.46,2114.68,2095.93,2102.38,3627.62,3405.37,3294.17,3057.29,2774.15,2776.96,3514.53,2042.38,2917.04,2483.12,2296.65,2079.6,1764.66,2207.84,1918.79,1790,1669.08,1437.48
Pin 6,Y,3810.04,2862.85,4170.04,4169.9,4170.18,4170.18,4168.02,2889.28,3211.95,3344.72,3486.65,3745.84,3743.08,2869.65,4170.18,2756.69,3546.36,3764.72,3963.99,4170.47,2469.79,3463.21,3724.41,3914.97,4171.9
Pin 6,Z,218.838,219.369,219.886,219.885,220.049,431.603,432.364,707.001,667.462,647.156,1003.41,899.502,900.622,1170.63,631.172,2222.57,1788.36,1601.37,1382.12,1066.37,2890.31,2292.66,2024.74,1774.25,1293.36
Pin 7,X,3290.03,3838.67,2711.49,2745.06,2703.98,2675.76,2721.36,3782.49,3774.24,3661.38,3435.99,3237.78,3287.23,3691.37,2592.63,3006.12,2823.99,2701,2488.02,2202.01,2234.41,2110.52,2044.88,1907.22,1702.86
Pin 7,Y,3407.63,2251.84,3969.59,4168.76,3948.63,3947.66,4199.8,2279.68,2706.28,2837.89,3002.79,3355.8,3423.96,2268.95,3939.89,2140.07,3141.81,3502.82,3714.65,4050.54,1843.47,3014.01,3497.88,3605.75,4025.54
Pin 7,Z,218.508,220.375,219.642,219.628,219.888,535.256,543.693,735.336,734.385,713.634,1142.01,1069.31,1087.07,1235.41,832.402,2312.51,2129.92,2006.14,1791.27,1502.63,2947.65,2690.1,2554.12,2268.26,1844.99
Pin 8,X,3267.85,3056.45,3156.81,3551.02,3105.74,3069.91,3566.03,3021.88,3452.48,3334.24,3194.75,3246.04,3461.94,3016.15,2952.79,2424.87,2803.12,2923.95,2730.75,2624.93,1835.22,2044.38,2214.91,1998.28,1942.87
Pin 8,Y,2116.92,1225.47,2757.94,3160.47,2721.89,2720.27,3236.53,1245.66,1457.9,1590.47,1737.7,2064.93,2147.45,1196.59,2707.32,1145.63,1851.25,2251.17,2470.18,2907.81,937.04,1732.13,2267.93,2331.92,2858.73
Pin 8,Z,218.414,220.374,219.46,219.782,219.778,605.858,695.775,598.501,679.966,654.335,1053.79,1072.52,1151.15,991.94,964.1,1729.66,2108.86,2230.15,2034.07,1927.88,2119.72,2553.11,2907.22,2456.88,2342
Pin 9,X,3316.25,2964.64,3281.33,3728.67,3223.45,3185.12,3747.9,2933.78,3447.6,3328.36,3201.76,3296.01,3539.92,2942.26,3060.22,2354.32,2836.36,2997.81,2807.68,2729.12,1783.35,2055.64,2264.95,2036.07,2004.81
Pin 9,Y,1896.95,1019.57,2570.09,3022.01,2529.6,2528.08,3107.58,1038.95,1232.41,1365.02,1512.6,1846.2,1937.24,985.095,2513.3,943.614,1631.01,2051.09,2272.6,2738.14,746.351,1508.06,2074.81,2124.04,2682.98
Pin 9,Z,218.49,219.566,219.856,219.226,218.867,626.959,727.331,582.671,675.012,653.266,1056.38,1090.8,1179.75,960.786,1003.54,1658.51,2141.79,2303.44,2110.74,2032.63,2012.56,2577.03,3011.59,2535.76,2468.89
Point G,X,3316.25,2964.64,3281.55,3728.51,3223.45,3185.12,3747.72,2934.43,3447.42,3328.17,3201.96,3296.5,3539.92,2942.26,3060.12,2354.51,2835.48,2997.5,2807.2,2729.12,1783.62,2054.94,2265.05,2036.07,2004.97
Point G,Y,1896.95,1019.58,2570.09,3022.01,2529.58,2528.11,3107.58,1038.95,1232.41,1365.02,1512.6,1846.21,1937.24,985.095,2513.28,943.614,1631.02,2051.09,2272.6,2738.16,746.349,1508.06,2074.81,2124.04,2682.99
Point G,Z,219.394,220.374,219.409,219.734,219.746,626.525,727.331,582.258,675.012,653.316,1055.94,1090.8,1179.78,960.786,1003.54,1658.51,2141.73,2303.44,2110.74,2031.88,2012.08,2576.47,3011.88,2535.11,2468.87
Point H,X,3475.83,3166.21,3528.86,3936.91,3429.76,3388.78,3937.29,3136.63,3694.81,3585.13,3446.8,3536.66,3728.71,3137.24,3213.09,2442.25,3005.37,3060.97,2982.25,2912.44,1804.41,2168.06,2325.92,2145.53,2049.57
Point H,Y,2103.49,853.336,2653.27,2864.87,2689.86,2687.45,2931.38,878.081,1161.18,1354.8,1517.73,1794.2,1770.88,826.938,2717.6,714.106,1528.1,1805.83,2188.56,2708.39,489.417,1541.69,1854.83,2192.47,2923.02
Point H,Z,219.329,220.374,219.789,219.677,219.69,663.523,762.409,619.432,719.46,699.934,1146.13,1178.67,1248.72,1032.24,1059.34,1747.55,2311.8,2367.03,2285.67,2216.47,2053.93,2809.62,3138.39,2762.07,2562.8
Point J,X,3954.31,2361.57,3487.96,3152.48,3694.48,3647.11,3121.47,2354.6,3147.76,3225.4,3150.54,3068.7,2970.79,2398.38,3650.21,1795.33,2551.04,2408.07,2563.3,2608.92,1409.82,2073.05,1933.09,2104.65,2335.27
Point J,Y,1312.87,399.447,1730.43,2376.33,1804.82,1801.29,2520.03,404.743,422.925,506.795,649.282,1016.37,1320.88,342.535,1919.68,596.138,864.818,1824.19,1479.34,1888.71,660.871,644.281,1671.84,1273.41,2273.4
Point J,Z,218.133,219.374,219.324,219.461,219.996,709.905,619.716,478.63,621.11,634.605,1037.43,1007.42,970.808,761.468,1218.79,1098.59,1863.88,1712.7,1866.4,1913.48,1236.44,2611.78,2322.53,2677.01,3154.76
Point J Prime,X,3954.28,2361.14,3487.97,3153.45,3694.87,3646.95,3122.33,2354.91,3147.22,3224.94,3150.71,3068.65,2969.81,2397.99,3650.17,1795.62,2550.43,2408.28,2563.31,2608.69,1409.77,2072.38,1932.51,2104.24,2336.23
Point J Prime,Y,1312.87,398.777,1730.1,2376.91,1804.66,1801.29,2520.03,404.743,423.215,506.725,649.928,1012.28,1321.27,343.144,1918.57,595.695,865.269,1816.37,1479.25,1888.38,660.871,643.938,1671.84,1273.27,2273.03
Point J Prime,Z,218.055,220.374,219.8,219.461,219.996,709.396,615.716,478.593,621.064,634.58,1037.68,1007.31,970.809,761.584,1219.03,1097.84,1856.45,1712.83,1866.62,1913.41,1236.25,2611.78,2322.36,2675.89,3155.4
Point J Prime Left,X,3954.22,2361.47,3487.82,3152.94,3694.44,3700.36,3175.52,2408.55,3201.7,3278.65,3256.09,3173.82,3074.67,2503.56,3754.95,2011.49,2766.39,2624.18,2778.81,2823.92,1684.57,2347.38,2207.26,2379.3,2610.9
Point J Prime Left,Y,1312.87,398.778,1730.1,2376.91,1804.66,1801.29,2520.06,404.743,423.212,506.723,649.928,1016.28,1321.27,343.144,1918.57,595.7,865.269,1824.36,1479.25,1888.39,660.871,643.952,1671.84,1273.27,2273.05
Point J Prime Left,Z,-86.9454,-84.6255,-85.6755,-85.5389,-84.5001,409.687,315.021,178.529,320.88,334.49,751.019,720.908,684.371,475.163,932.535,882.34,1640.78,1497.3,1650.53,1698.2,1104.26,2479.88,2189.9,2543.67,3023.13
Point J Prime Right,X,3954.44,2361.57,3488.05,3152.6,3694.51,3593.25,3067.65,2300.64,3093.81,3171.43,3045.68,2963.89,2865.93,2293.52,3545.46,1579.36,2335.07,2192.17,2347.52,2393.21,1135.07,1798.32,1658.36,1829.95,2060.54
Point J Prime Right,Y,1312.87,398.567,1730.5,2377.35,1804.66,1802.41,2519.68,404.743,423.056,506.778,649.928,1015.86,1321.27,342.84,1919.07,596.138,865.269,1823.92,1479.34,1888.07,660.871,644.281,1671.84,1273.27,2272.55
Point J Prime Right,Z,523.055,524.73,524.8,524.891,524.996,1009.64,916.285,778.756,921.369,934.922,1323.83,1293.57,1257.24,1048.01,1504.77,1314.27,2071.84,1927.87,2081.55,2129.09,1368.59,2744.89,2454.99,2808.95,3287.57
Point J1,X,4021.6,2641.12,3700.47,3434.7,3830.44,3781.18,3393.11,2632.27,3429.58,3489.78,3396.74,3333.61,3232.59,2663.28,3717.46,1958.07,2755.18,2550.78,2767.32,2803.56,1481.7,2180.21,2038.24,2200.68,2334.51
Point J1,Y,1594.94,323.206,1927.5,2313.42,2060.69,2057.02,2429.28,335.737,465.325,615.775,774.527,1079.97,1243.33,277.52,2199.76,420.217,871.233,1615.76,1507.24,1977.1,422.504,796.014,1512.9,1458.11,2563.09
Point J1,Z,217.458,220.374,219.742,219.814,219.977,733.514,664.227,528.415,671.967,681.673,1127.81,1104.53,1066.95,858.547,1244.04,1261.76,2061.78,1855.96,2070.52,2109.07,1384.76,2834.72,2541.81,2877.76,3151.19
Point Q,X,4000.44,3183.24,3983.78,3977.11,3945.9,3896.6,3926.44,3165.96,3917.23,3911.52,3780.18,3781.95,3741.85,3171.72,3706.25,2313.94,3121.7,2882.8,3124.69,3124.22,1663.1,2339.57,2262.23,2336.04,2267.06
Point Q,Y,2136.57,327.869,2389.83,2340.65,2590.78,2586.25,2404.9,353.155,686.343,946.752,1130.06,1337.66,1245.5,302.403,2741.77,220.892,1028.87,1345.04,1702.97,2276,76.5971,1194.27,1349.83,1902.25,3084.08
Point Q,Z,219.023,220.374,219.665,219.124,219.962,754.105,763.998,624.296,759.442,758.044,1268.26,1268.55,1253.41,1044.66,1239.73,1618.41,2428.22,2188.01,2428.8,2428.82,1761.14,3165.5,3007.02,3156.94,3013.82
Point Q Left,X,4000.34,3183.74,3983.4,3976.74,3945.86,3950.38,3980.77,3218.91,3971.36,3965.32,3885.1,3886.92,3847.09,3276.62,3811.12,2530.35,3337.38,3098.71,3339.85,3339.92,1937.63,2614.3,2536.98,2610.76,2542.55
Point Q Left,Y,2136.68,327.929,2389.59,2340.91,2589.91,2586,2405.8,353.032,686.592,946.752,1130.06,1337.73,1245.5,302.353,2741.66,220.913,1029.69,1345.04,1702.77,2276,76.9822,1194.7,1349.83,1902.25,3083.34
Point Q Left,Z,-86.9773,-84.6255,-85.3353,-85.8768,-85.0381,453.891,459.795,324.111,459.259,457.854,981.865,982.15,966.992,758.238,953.293,1403.05,2212.87,1972.66,2213.27,2213.2,1628.66,3033.03,2874.55,3024.44,2881.23
Point Q Right,X,4000.5,3182.81,3983.72,3976.23,3945.96,3842.55,3872.89,3111.24,3863.19,3857.41,3675.53,3676.71,3636.72,3067.41,3601.27,2098.04,2905.4,2665.9,2908.64,2908.16,1388.03,2064.91,1987.48,2061.29,1993.32
Point Q Right,Y,2136.57,327.503,2389.43,2341.16,2590.54,2586.48,2405.8,353.237,686.739,947.445,1130.16,1337.54,1245.37,302.353,2741.77,220.86,1029.69,1345.01,1703.18,2276,76.9822,1194.7,1349.83,1901.83,3083.6
Point Q Right,Z,524.114,525.375,524.665,524.666,524.962,1054.33,1060.14,924.417,1059.15,1058.2,1554.63,1554.9,1539.83,1331.17,1527.15,1834.64,2643.81,2403.62,2643.93,2644.73,1893.77,3297.97,3139.49,3289.2,3146.4
Point Z,X,4093.59,2939.87,3927.71,3737.84,3975.81,3925.38,3683.8,2928.41,3732.35,3772.36,3660.05,3618.52,3512.3,2947.54,3790.04,2132.36,2974.32,2703.1,2985.45,3012.61,1557.91,2293.72,2150.93,2305.81,2331.94
Point Z,Y,1896.5,241.616,2138.04,2244.96,2334.78,2330.63,2332.97,261.639,511.017,732.226,907.032,1148.13,1161.17,207.689,2500.22,232.635,878.874,1394.75,1537.3,2071.91,167.897,958.985,1343.31,1654.25,2873.63
Point Z,Z,217.96,220.374,219.144,219.222,219.958,759.263,716.374,581.815,726.235,733.016,1224.05,1208.61,1169.32,962.489,1270.39,1436.64,2281.55,2009.35,2289.18,2318.23,1544.26,3071.94,2775.14,3093.07,3147.65
Point Z Left,X,4093.42,2940.68,3927.44,3737.33,3975.83,3979.13,3737.13,2981.95,3786.2,3826.03,3765.01,3723.11,3617.98,3052.16,3894.39,2348.34,3190.84,2919.28,3201.18,3228.08,1832.66,2569.21,2425.2,2580.1,2607.42
Point Z Left,Y,1896.59,242.065,2138.04,2244.96,2335.03,2330.38,2332.28,261.639,510.798,732.007,907.36,1148.13,1160.45,208.244,2500.22,232.928,878.108,1393.97,1537.09,2071.91,167.694,958.579,1343.31,1654.56,2872.5
Point Z Left,Z,-87.0399,-84.2246,-85.8555,-85.7784,-85.0422,459.05,416.079,281.177,425.469,432.899,937.671,922.128,883.162,675.928,983.937,1220.48,2065.91,1793.75,2073.35,2102.54,1411.44,2940.17,2643.32,2960.8,3016.1
Point Z Right,X,4093.8,2940.85,3927.64,3737.62,3975.88,3871.61,3629.45,2874.11,3678.28,3718.07,3555.28,3513.46,3408.25,2842.34,3684.82,1916.41,2759.01,2487.47,2769.67,2796.62,1283.16,2019.75,1875.71,2030.67,2058.12
Point Z Right,Y,1896.47,242.073,2138.21,2244.95,2334.79,2330.88,2332.24,261.642,510.798,732.14,908.118,1147.95,1160.44,208.244,2500.1,232.928,877.716,1393.97,1537.33,2071.91,167.694,958.579,1343.31,1654.86,2873.07
Point Z Right,Z,522.402,525.375,524.68,524.731,524.958,1059.48,1016.42,881.88,1026.42,1032.66,1510.46,1494.91,1456.01,1248.77,1556.84,1651.83,2496.6,2224.48,2504.39,2533.44,1676.2,3204.76,2908.11,3225.81,3280.06
Swing Center,X,0,0,0,0,0,0,0,0,0,0,0,0,0,0,0,0,0,0,0,0,0,0,0,0,0
Swing Center,Y,1303,1303,1303,1303,1303,1303,1303,1303,1303,1303,1303,1303,1303,1303,1303,1303,1303,1303,1303,1303,1303,1303,1303,1303,1303
Swing Center,Z,-5.70E-05,-5.70E-05,-5.70E-05,-5.70E-05,-5.70E-05,-5.70E-05,-5.70E-05,-5.70E-05,-5.70E-05,-5.70E-05,-5.70E-05,-5.70E-05,-5.70E-05,-5.70E-05,-5.70E-05,-5.70E-05,-5.70E-05,-5.70E-05,-5.70E-05,-5.70E-05,-5.70E-05,-5.70E-05,-5.70E-05,-5.70E-05,-5.70E-05
